University of California Santa Cruz,,,,,,,,,,,,,,,
Grade Distribution Fall 2011,,,,,,,,,,,,,,,

This provides the number of undergraduate students in a given class who received each grade.  Classes displayed are undergraduate classes with 10 or more students enrolled; classes in which all or all but one students who completed the class received the same grade have been omitted.  Definitions of grades can be found at http://registrar.ucsc.edu/grading/chart.html.,,,,,,,,,,,,,,,
Created 3/27/2012,,,,,,,,,,,,,,,
Instructor,Subject-Catalog Number,Course Title,A+,A,A-,B+,B,B-,C+,C,D,F,P,NP,W
"Abbink,Emily K.",STEV- 80A,UD:Self & Society,0,10,17,15,3,0,1,0,0,0,1,0,0
"Abdollahian,Yashar",CHEM- 1N,Gen Chem Lab,0,113,37,28,74,12,5,11,3,1,0,0,1
"Abrams,Elizabeth S",WRIT- 2,Rhetoric & Inquiry,0,8,9,5,12,0,3,0,0,0,10,0,0
"Abrams,Zsuzsanna",GERM- 1,Instr German Lang,4,6,1,4,4,1,1,4,0,0,3,0,0
"Aguirre,Anthony N",PHYS- 171,Genl Relativity,0,5,0,1,2,0,1,0,0,1,0,0,0
"Akeson,Mark A",BME- 123A,Bioengineering Proj 1,0,1,4,7,3,2,1,1,0,0,0,0,0
"Aladro Font,Jorge",LTSP- 60,Intr Literary Genre,8,11,4,1,2,3,0,0,0,0,0,0,0
"Alexander,Rebecca Anne",CMMU- 122,Whiteness & Racism,4,18,5,2,3,1,0,1,0,1,5,0,0
"Allen,Ernest",TIM- 50,Business Inf System,8,19,15,20,15,7,6,4,3,3,4,0,0
"Alley,Kenneth John",ART- 80D,Intro Photography,0,21,44,44,28,7,1,3,0,1,6,0,3
"Amador,Sarah Arantza",MERR- 80A,UD: Cultural IDs,0,2,21,21,21,3,1,0,0,2,1,0,0
"Amis,Margaret Crane",COWL- 80A,UD: Imagining Justice,0,1,3,6,4,2,3,1,0,0,0,0,0
"Anderson,Elliot W",ART- 119,Digital Video,0,6,2,1,3,0,0,0,0,0,0,0,1
"Anthony,David H",HIS- 121A,Afro-Amer to 1877,0,17,9,9,5,0,0,0,0,0,1,1,2
"Aptheker,Bettina F",FMST- 80A,Feminism/SocJust,17,28,53,21,14,16,5,5,1,1,2,1,1
"Archimedes,Sondra Maria",CLNI- 80A,UD:Intl/Global Issues,0,1,9,5,5,0,0,0,0,0,1,0,0
"Arnett,Jeffrey Michael",PRTR- 80A,UD: Writing/Arts,0,0,1,11,5,0,0,0,0,2,0,0,0
,WRIT- 2,Rhetoric & Inquiry,0,0,2,9,7,0,0,0,0,1,5,0,1
"Arredondo,Gabriela F",LALS- 100,Concepts/Theories LALS,3,7,21,11,21,17,7,8,1,5,10,0,3
"Arthur,Derede L",COWL- 80A,UD: Imagining Justice,0,1,5,10,16,10,6,4,3,0,1,1,0
"Ash,Doris B",EDUC- 60,Intro to Education,12,65,59,46,52,21,15,11,2,2,16,0,1
"Aso,Noriko",HIS- 150A,Ancient Japan,0,24,24,28,12,7,6,4,0,0,1,0,0
"Asphaug,Erik",EART- 111,Math in Earth Science,2,3,4,1,0,2,0,4,0,3,1,3,0
"Atanasoski,Neda",FMST- 194O,Gender/Human Rights,0,5,5,2,3,0,0,0,0,0,0,0,2
"Athens,Allison Katherine",LTWL- 109,Topic Cultral Study,2,7,3,6,4,1,2,0,0,0,1,0,0
"Azmitia,Margarita",PSYC- 10,Intro Develop Psych,1,7,8,13,25,12,18,21,5,2,0,0,2
"Bachman,Erik M.",LTMO- 145B,Modern Literature,0,1,9,8,7,5,0,0,0,0,0,0,0
"Baker,Mark",LALS- 102,Adv Expository Writg,0,1,4,6,2,2,0,0,0,0,0,0,0
"Banuelos,L Esthela",LALS- 143,Race & Ethnicity,0,2,2,3,5,0,6,8,0,1,4,0,1
"Barahona,Byron A",SPAN- 2,Instr Spanish Lang,0,3,12,3,4,8,1,3,0,0,2,0,1
,SPAN- 6,Intermed/Adv Span,2,2,7,4,1,0,0,1,0,0,0,0,0
"Barcelo,Brenda",SPAN- 3,Instr Spanish Lang,0,1,7,3,5,1,1,0,0,0,0,0,0
,SPAN- 5M,Medical Spanish,1,4,6,2,5,4,0,0,2,0,0,0,0
"Baron,Brandin S.",THEA- 10,Intro to Design,17,43,11,4,2,1,1,1,0,0,0,0,0
"Barsimantov,James Albert",ENVS- 141,Ecological Econ,0,15,18,4,20,2,0,4,0,1,6,0,1
"Bartlett,Lora",EDUC- 60,Intro to Education,12,65,59,46,52,21,15,11,2,2,16,0,1
"Barton,Katharine Kimball",PHYE- 30J,Strength Training,0,0,0,0,0,0,0,0,0,0,17,6,0
"Bastiaans,Elizabeth Jane",BIOE- 140,Behavioral Ecology,3,9,5,5,31,10,10,22,11,0,0,0,1
"Basu,Dilip K",HIS- 147B,Poli/Soc Mod S Asia,0,7,5,5,5,4,1,4,1,3,0,1,0
"Bauerle,Frank",MATH- 3,Precalculus,0,46,21,31,57,14,21,111,25,22,8,2,2
,MATH- 19A,"Calc:Sci,Engin,Math",0,33,4,7,34,12,15,35,18,17,0,0,3
"Baxter,Wendy",CLTE- 199F,Independent Study,0,11,0,0,0,0,1,0,0,0,1,0,0
"Beal,Amy C",MUSC- 101C,Hist West Art Music,3,6,3,6,9,1,1,2,0,0,0,0,1
"Beard,Jessica Jeanne",LTEL- 170H,Dickinson/Am Poets,1,11,2,5,6,3,0,0,0,1,1,0,1
"Bearns,Stuyvesant Galard Brassa",SOCY- 156,US Latino Identity,1,7,7,4,9,4,2,2,0,0,1,0,1
"Beaver,Christopher",FILM- 172,Film & Video Studio,0,8,5,6,0,0,0,1,0,0,0,0,0
"Beecher,Jonathan F",HIS- 170B,Fren His:19 Century,1,11,10,7,7,7,3,6,1,3,2,0,2
"Benanav,Aaron",CLNI- 80A,UD:Intl/Global Issues,0,5,4,11,1,2,0,0,0,0,0,0,0
"Berger,Harry",LTEL- 190L,English Lang Lit,7,16,0,0,0,0,0,0,0,0,1,0,0
"Berman,Abraham Noah",MATH- 11B,Calculus with Apps,18,81,13,17,30,7,4,23,12,10,0,0,3
,MATH- 19A,"Calc:Sci,Engin,Math",11,81,10,20,33,4,3,26,10,0,2,0,2
"Berman,Nathaniel Aaron",MUSC- 1C,Concert Choir,0,33,2,1,0,0,0,0,0,0,1,0,0
"Bernardi,Giacomo",BIOE- 127,Ichthyology,13,15,15,20,24,32,7,6,1,0,0,0,0
,BIOE- 127L,Ichthyology Lab,5,8,7,3,0,1,0,0,0,0,0,0,0
"Bernasconi,Claude F",CHEM- 112A,Organic Chemistry,4,9,12,15,12,8,9,6,0,4,0,0,0
"Bernasconi,Natalie Renee",EDUC- 180,Intro To Teaching,1,69,20,9,5,2,1,1,0,0,1,0,1
"Bernstein,Rebecca A",ASTR- 2,Overview Universe,7,6,8,16,21,6,0,44,20,3,42,0,4
"Bertram,Eva C",POLI- 190L,Poverty Politics,0,1,10,4,3,2,1,0,0,0,0,0,0
"Bhalla,Needhi",BIOL- 105,Genetics,1,3,32,22,25,62,27,97,44,37,0,0,10
"Bhattacharya,Nandini",MATH- 2,Col Algbra/Calculus,2,27,9,6,39,11,8,59,1,35,11,0,2
,MATH- 3,Precalculus,1,47,10,7,86,18,0,119,0,80,1,2,3
"Bierman,James H",THEA- 157,Playwriting,8,67,3,2,35,1,0,17,6,3,5,0,0
,THEA- 163A,Shakespeare,0,10,8,3,5,2,2,1,0,0,2,0,0
"Blackburn,Courtney A",PHYE- 25A,Fencing: Epee,0,0,0,0,0,0,0,0,0,0,15,3,1
,PHYE- 25B,Fencing: Foil,0,0,0,0,0,0,0,0,0,0,11,4,0
,PHYE- 25C,Fencing: Sabre,0,0,0,0,0,0,0,0,0,0,11,1,2
,PHYE- 30H,Tai Chi Chuan,0,0,0,0,0,0,0,0,0,0,25,4,5
"Blackmore,Chelsea",ANTH- 176B,Mesoamer Archaeolog,3,0,6,10,12,6,4,6,1,6,5,0,1
"Blood,Harold Christian",COWL- 80A,UD: Imagining Justice,0,0,4,12,0,1,0,0,0,0,0,0,0
"Bohn,Mariko Tajima",JAPN- 1,Japanese Language,9,24,6,7,4,5,4,0,2,2,0,0,1
"Bowin,John F",PHIL- 9,Intro To Logic,17,10,16,10,11,12,4,7,5,6,10,2,4
,PHIL- 100A,Ancient Greek Phil,35,22,16,7,2,1,2,0,1,1,1,0,1
"Bowman,Barry J",BIOL- 15,Research Reports,0,22,0,0,0,0,0,0,0,0,3,0,0
"Brahinsky,Joshua D",AMST- 180,TopicsAmericanStudies,0,8,7,3,3,3,1,1,0,0,1,0,0
"Brandt,Kirsten L.",THEA- 40,Intro To Directing,0,7,10,6,4,6,4,1,0,1,2,0,1
"Brandwajn,Alexandre",CMPE- 107,Probability/Stats,3,6,9,12,13,8,15,1,0,7,0,0,0
"Brenneis,Donald L",ANTH- 142,Anthropology of Law,3,9,6,9,4,4,1,1,2,1,0,0,0
,ANTH- 194S,Anthroplgy of Sound,0,13,4,4,0,0,0,0,0,0,0,0,0
,LGST- 142,Anthropology of Law,2,12,5,8,4,1,0,0,0,0,2,0,0
"Brown,Michael K",POLI- 121,Black Politics,2,1,5,2,3,3,1,2,2,1,0,0,0
"Brundage,David T",HIS- 80X,Civil Rights Movmnt,5,19,24,12,15,4,2,2,1,2,4,0,0
"Bryant-Anderson,Rachel Lynne",CLNI- 80A,UD:Intl/Global Issues,0,6,6,4,19,7,0,2,1,0,0,0,0
"Bryant,Michael L",CRWN- 70,Intro to Radio,3,5,3,0,1,0,1,1,0,0,0,0,0
"Burke,Jennifer Leigh",SOCY- 169,Social Inequality,0,1,3,4,8,2,5,7,1,1,0,0,0
"Burman-Hall,Linda C",MUSC- 8,Balinese Gamelan,5,5,0,0,0,0,0,0,0,0,0,0,0
"Cailloux,Renee",FREN- 3,Instr French Lang,2,7,2,3,1,1,0,0,0,0,4,0,0
,FREN- 4,Intermed French,0,8,9,10,3,0,1,1,1,0,4,0,0
"Calierno,Carlos",SPAN- 5,Intermed Spanish,0,8,11,10,5,0,0,0,1,1,4,2,2
,SPAN- 6,Intermed/Adv Span,0,4,9,4,1,1,0,0,0,2,2,0,1
"Callanan,Maureen",PSYC- 1,Intro Psychology,8,27,26,30,59,47,20,43,24,11,1,1,1
,PSYC- 194A,Adv Devel Research,1,8,3,1,1,0,1,0,0,0,0,0,0
"Calsoyas,Candace",CLEI- 80A,UD:Environ/Society,0,10,6,7,18,1,0,0,0,0,1,0,0
"Camblin,Caren Elise",STEV- 80A,UD:Self & Society,4,18,6,2,7,0,0,3,0,0,0,1,0
"Cameron,Elisabeth L",HAVC- 110,West Afr Vis Cultur,0,7,16,2,9,2,1,1,0,0,2,0,0
"Campbell,Walter I",GERM- 1,Instr German Lang,0,9,5,14,5,2,2,1,0,1,4,0,1
,GERM- 4,Intermediate German,1,12,1,5,4,2,0,1,0,0,6,0,0
"Caparas-Hardwick,Francesca Racquel",CLTE- 80A,UD:Social Justice,0,10,6,0,3,1,1,0,0,0,4,0,0
,OAKS- 80A,UD:CommunicatingDiversity,1,6,5,3,3,2,0,2,0,0,0,0,0
"Cardilla,Kimberly Sue",PSYC- 115,Dev Psychopathology,3,79,29,20,11,9,9,6,1,2,0,0,1
,PSYC- 170,Abnormal Psychology,4,36,27,16,16,9,2,5,2,1,0,0,1
"Carlstroem,Catherine Marie",COWL- 80A,UD: Imagining Justice,0,1,7,6,4,0,1,1,0,0,0,0,0
,COWL- 80B,RI:Imagining Justice,1,10,9,4,1,1,0,0,0,0,0,0,0
"Carr,Emily",MERR- 80A,UD: Cultural IDs,0,17,3,7,10,8,5,9,0,0,0,0,1
"Carr,Mark H",BIOE- 161,Kelp Forest Ecology,2,4,4,11,7,1,0,0,0,0,0,0,0
,BIOE- 161L,Kelp Forest Eco Lab,2,4,4,11,7,1,0,0,0,0,0,0,0
"Carson,Benjamin L.",MUSC- 130,"Theory,Lit,Music II",2,4,7,9,3,4,1,0,0,0,0,0,1
"Carter,Stephen Douglass",KRSG- 80B,RI:Power&Representat,0,15,8,12,6,3,0,0,0,0,1,0,0
,STEV- 80A,UD:Self & Society,0,4,13,2,4,1,0,0,0,0,0,0,0
"Carter,Sue A",PHYS- 6A,Intro Physics I,5,40,32,60,71,49,52,67,4,17,2,1,5
"Castillo Trelles,Carolina",SPAN- 2,Instr Spanish Lang,2,5,10,3,3,0,0,0,0,0,0,0,0
,SPAN- 3,Instr Spanish Lang,2,10,18,8,3,1,1,0,0,0,2,1,0
"Castillo,Pedro G",HIS- 128,Chicana/o History,8,13,11,13,0,3,0,0,0,1,1,0,0
,HIS- 190D,Tale of Two Cities,2,8,3,0,0,0,0,0,0,0,0,0,0
"Centineo,Giulia",ITAL- 1,Instr Italian Lang,6,6,9,13,18,3,3,6,0,0,4,2,1
"Chaffin,Cheryl L.",CRWN- 80A,UD:Ethical Issues,0,4,3,5,4,0,3,0,0,0,1,0,0
"Chan-Malik,Sylvia",AMST- 100,Concepts Amer Study,0,6,0,3,4,3,0,0,1,0,0,0,0
,COWL- 80A,UD: Imagining Justice,0,5,1,6,3,3,2,1,0,0,0,0,0
,COWL- 80B,RI:Imagining Justice,0,10,4,4,2,0,0,1,0,1,0,0,0
"Chan,Pak Kuen",CMPE- 125,Log Desgn W/Verilog,0,5,1,2,4,1,1,3,1,2,0,0,2
,CMPE- 125L,Verilog Laboratory,0,5,1,2,4,1,1,3,1,2,0,0,2
"Chan,Stephanie Hedy",KRSG- 80B,RI:Power&Representat,0,3,7,4,4,1,1,2,0,1,0,0,0
"Chen,Bin",BIOL- 125,Intro to Neurosci,2,3,12,24,28,32,29,12,12,2,0,0,0
"Chen,Nancy N",ANTH- 130G,As Amer Ethnog/Film,3,10,7,11,6,7,1,3,0,1,0,1,0
"Christianson,James Harold",COWL- 80A,UD: Imagining Justice,0,5,8,6,2,0,0,0,0,0,2,0,0
,COWL- 80B,RI:Imagining Justice,2,6,6,5,1,0,0,1,0,0,0,0,0
"Clabuesch,Stephen R",BIOE- 75,Sci Diving Cert,1,3,4,3,0,0,0,0,0,0,0,0,0
"Clapham,Matthew E",EART- 101,The Fossil Record,1,0,3,2,1,4,1,3,1,1,0,0,0
"Cochlin,Rena V",PHYE- 20D,Modern Dance,0,0,0,0,0,0,0,0,0,0,18,4,1
,PHYE- 30G,Fitness Conditioning,0,0,0,0,0,0,0,0,0,0,18,3,0
,PHYE- 30L,Yoga Exercises,0,0,0,0,0,0,0,0,0,0,15,2,0
"Cole,Ethan",HAVC- 160A,Pre-Hispanic Mexico,0,16,2,23,23,19,16,11,4,4,6,1,2
"Conard,Kristin",CRWN- 80A,UD:Ethical Issues,0,6,6,5,8,4,9,3,0,1,0,0,0
"Cooper,Wade Stewart",KRSG- 80A,UD:Power&Represnt,0,10,13,13,11,0,0,1,0,0,0,0,0
"Cooperstein,Bruce N",MATH- 30,Math Problm Solving,0,6,1,5,1,1,0,0,0,0,0,1,1
"Cooppan,Vilashini",LTWL- 150A,Worldings,1,14,8,4,1,0,0,0,0,0,1,0,0
"Cope,Katrina L",CRWN- 185,Career&Internship,0,12,5,2,4,0,0,0,0,0,2,0,0
"Croll,Donald A",BIOE- 165,Marine Conserv Bio,3,26,13,4,2,1,0,0,0,0,0,0,0
"Cruz Salazar,Tania",LALS- 121,Antro juventudes,2,2,1,1,0,4,0,1,1,1,2,0,1
"Cuthbert,David Lee",THEA- 50,Fundamen Production,1,46,0,0,14,1,0,0,0,2,1,0,2
,THEA- 55A,Barnstorm,9,5,1,0,1,0,0,0,0,0,0,0,0
,THEA- 55B,Barnstorm Lab,26,36,6,3,0,2,0,0,0,0,6,1,0
"Daccarett,Paula",HIS- 185I,Latn Am Jewish Hist,0,2,3,3,8,1,0,0,0,2,1,0,0
"Daehnke,John D",AMST- 113A,Imagining America,0,9,6,13,10,6,2,9,0,0,6,0,0
,AMST- 180,TopicsAmericanStudies,0,2,4,6,3,1,3,0,0,0,0,0,0
"Dalbey,Michael S",BIOL- 20A,Cell & Molecular Bi,14,36,46,55,70,0,60,103,0,54,0,1,5
,BIOL- 100,Biochemistry,3,28,0,14,74,0,18,73,0,39,0,0,1
"Dasgupta,Samit",MATH- 100,Intr Proof/Prb Solv,1,4,6,7,14,18,7,10,5,8,0,0,0
"Davis,James Edward",CMPS- 160,Intro Comp Graphics,22,22,12,11,6,3,3,2,1,3,0,0,0
"Davis,William R",CLTE- 80A,UD:Social Justice,1,3,5,2,12,10,2,4,0,1,0,0,0
"De Alfaro,Luca",CMPS- 183,Hypermedia/Web,3,12,2,4,20,9,6,7,0,1,0,0,1
"Delgado-P,Guillermo",ANTH- 80I,Cltr Power Lat Amer,11,20,12,14,4,5,0,0,0,0,3,0,2
"Desa,Subhas",TIM- 101,Mgmt Of Tech Seminr,1,95,2,0,0,0,0,0,0,0,0,0,1
,TIM- 105,Mgmt of Tech I,5,7,10,22,11,4,0,5,3,1,1,0,0
"Deutsch,Nathaniel P",HIS- 178A,Europ Intellec Hist,0,6,10,6,7,5,1,2,1,2,3,0,1
"Diaz,Maria E",HIS- 11A,L.Amer ColonlPeriod,0,12,12,20,10,14,3,4,4,5,5,0,1
"Dinishak,Janette",PHIL- 80S,Nature Of Science,2,9,9,13,18,29,17,15,10,1,21,0,2
"Dong,Chongying",MATH- 111A,Algebra,9,3,3,5,5,9,5,5,0,6,0,1,0
"Du Puis,E Melanie",SOCS- 194A,UCDC InternResearch,0,9,7,3,1,0,0,0,0,0,4,0,0
"Dunbar,William B",CMPE- 8,Robot Automation,11,17,16,10,11,9,13,12,7,11,3,0,3
"Dunkle,Iris",CRWN- 80A,UD:Ethical Issues,4,8,16,10,6,4,1,0,1,0,0,0,0
"Dunn,Carolyn Marie",LTEL- 103J,Contemp Amer Lit,0,4,14,14,1,0,0,1,0,1,3,0,0
"Eastman,Mark Richard",MATH- 11A,Calculus with Apps,1,9,37,47,37,35,44,84,54,30,2,0,2
"Eaton,Kent H",POLI- 144,Andean Politics,1,3,12,3,8,6,3,4,2,5,1,0,1
"Edwards,Christopher A",OCEA- 1,The Oceans,14,20,20,27,28,15,10,5,4,12,25,5,5
"Elbaum,Bernard L",ECON- 126,Why Succeed/Fail,0,8,6,20,23,19,15,17,0,0,1,1,4
"Elsea,Peter Q",MUSC- 125,Adv Elec Sound Synt,0,18,0,0,2,0,0,0,0,0,0,0,0
,MUSC- 167,Wksp Electron Music,0,13,0,0,2,0,0,0,0,0,0,0,0
"Elsey,Angela A",FREN- 1,Instr French Lang,0,3,3,6,4,6,0,4,1,1,4,0,3
,FREN- 6,Intermediate French,0,0,1,1,4,5,2,1,0,0,6,0,0
"Engel,Braden",HAVC- 43,Modern Architecture,0,16,17,8,35,15,10,22,11,3,18,1,3
,HAVC- 143A,Contemporary Arch,0,6,3,5,6,3,3,2,0,0,2,1,0
"Engineer,Urmi Fanish",STEV- 80A,UD:Self & Society,0,2,7,12,11,11,2,3,0,0,0,0,0
"Erickson,Shelley K",CRWN- 80A,UD:Ethical Issues,0,3,9,6,4,2,1,0,0,0,0,0,0
,CRWN- 80B,RI:Ethical Issues,0,12,8,2,1,0,0,0,0,0,2,0,0
"Errington,Shelly E",ANTH- 154,Multimedia Ethnography,0,15,6,1,3,0,0,0,0,0,0,0,1
,ANTH- 194V,Picturing Culture,0,2,3,0,1,3,0,1,3,0,0,0,1
"Evangelatou,Maria",HAVC- 51,Ancient Greek Art,5,14,18,19,8,5,0,1,1,0,8,0,2
"Fairlie,Robert W",ECON- 128,Povrty/Publc Policy,0,9,10,10,14,7,6,5,2,0,7,0,0
"Falcon,Sylvanna M.",LALS- 150,"Afro-Lat Soc, Cul, Pol",0,2,3,4,4,3,2,8,3,0,2,0,0
,LALS- 165,Contmp Peru,2,2,7,3,6,1,2,5,1,2,3,0,1
"Farkas,Donka F",LING- 53,Semantics I,3,19,9,8,21,5,1,2,0,2,1,0,1
"Farquhar,Dion N",CRWN- 80A,UD:Ethical Issues,1,6,18,14,7,0,0,0,0,0,2,0,0
"Fatemi,Farnaz",KRSG- 65C,Pwr & Rep: Writ,1,9,4,0,0,0,0,0,0,0,0,0,0
,KRSG- 80A,UD:Power&Represnt,0,10,8,11,7,1,2,2,0,0,1,0,0
"Faunce,B K",WRIT- 2,Rhetoric & Inquiry,0,2,5,0,9,11,13,0,0,0,7,0,2
"Fazzino,James Michael",LTCR- 10,Intro Creative Writ,0,12,2,2,2,0,0,0,0,0,0,0,0
"Feld,Ari",CLNI- 80A,UD:Intl/Global Issues,0,2,2,3,12,1,0,0,1,0,1,0,0
"Feldheim,David A",BIOL- 110,Cell Biology,6,21,13,20,46,23,22,45,10,8,0,0,5
"Felton,Lori Gabrielle",PRTR- 80B,RI:WritingAcrossArts,2,11,13,6,8,4,0,0,1,1,0,0,0
"Ferguson,F Joel",CMPE- 12,Com Sys/Assmbly Lan,19,20,20,18,16,13,14,9,6,9,0,2,2
"Fernando,Mayanthi L",ANTH- 130T,ReligPoliticsMuslimWrld,0,4,5,5,13,6,5,2,2,0,4,0,1
,ANTH- 194R,Religion/Gender/Sex,1,4,3,4,4,2,0,0,0,0,0,0,0
"Flanagan,Veronica Annette",KRSG- 80A,UD:Power&Represnt,0,4,6,10,5,9,3,1,0,1,0,0,0
"Flannery,Mary",ECON- 161A,Marketing,1,29,12,1,39,0,5,14,0,1,1,0,0
,ECON- 164,Telecommunica Indus,0,11,4,6,4,1,0,1,0,0,0,0,0
"Flegal,A Russell",METX- 101,Source of Pollutnts,0,8,3,0,3,2,2,2,0,0,0,0,0
"Foley,Mary K",PRTR- 83,Pac Rim Film Fest,2,5,4,4,3,0,0,1,0,0,3,1,0
,THEA- 22,Indonesian Dance,8,11,1,4,0,0,0,0,0,0,0,0,1
,THEA- 161D,Asian Theater,0,2,7,1,3,0,1,0,0,0,2,0,0
"Forrest,Christopher Wayne",PHYE- 9B,BegDinghySailing,0,0,0,0,0,0,0,0,0,0,25,3,1
"Fortney,Jonathan J",ASTR- 112,Physics of Stars,0,3,4,1,5,5,1,5,1,1,0,0,0
"Foster,Maureen J.",CRWN- 80A,UD:Ethical Issues,5,6,10,5,3,0,0,3,3,0,1,0,0
,MERR- 80A,UD: Cultural IDs,2,7,6,2,0,0,0,0,0,0,0,0,0
"Fox Tree,Jean E",PSYC- 125,Psych of Language,0,14,16,11,25,17,12,18,8,5,4,1,2
,PSYC- 194B,Adv Cognitive Res,1,6,2,0,2,0,0,0,0,0,0,0,0
"Fox,Laurel R",BIOE- 183L,Undergrad Res: EEB,0,7,0,2,0,0,0,0,0,1,0,0,0
"Frangos,Maria",COWL- 80A,UD: Imagining Justice,0,0,20,18,7,1,0,0,0,0,0,0,0
"Franko,Mark",THEA- 128,Choreographic Wkshp,0,7,1,3,0,0,0,0,0,0,0,0,0
,THEA- 185,Senior Seminar,0,14,24,13,2,1,1,2,0,0,0,0,0
"Fregoso,Rosa-Linda",LALS- 172,VisualizingHumanRights,0,5,2,4,2,1,0,0,0,0,1,0,0
"Friedlander,Benjamin",EE- 103,Signals & Systems,2,12,0,4,16,0,0,8,2,5,0,0,0
"Friedman,Daniel",ECON- 166A,Game Theory /Apps I,0,13,7,7,7,3,3,3,4,1,0,0,2
"Friedman,Susan",ART- 130,Interm Photography,0,7,2,4,4,6,0,1,0,0,0,0,1
"Frisk,Jerome Edwin",STEV- 80B,RI:Self & Society,2,7,14,18,7,0,0,0,0,0,0,0,0
"Fritsch,Gregory J",THEA- 20,Intr Studies Acting,1,36,10,9,12,2,1,0,0,0,1,0,0
"Fujita,Sakae",JAPN- 1,Japanese Language,9,4,4,1,4,1,1,0,0,1,1,2,0
,JAPN- 4,Intermed Japanese,1,7,4,11,6,7,3,2,0,3,3,1,0
"Fukurai,Hiroshi",LGST- 128I,Race and Justice,10,8,8,8,13,3,1,0,1,0,0,0,0
,SOCY- 128I,Race and Justice,15,10,5,9,12,2,4,1,0,0,2,0,0
"Funatogawa,Chie",CHEM- 1M,Gen Chem Lab,0,45,14,10,32,9,3,11,5,0,1,0,5
"Fung,Kwok-Chiu",ECON- 1,Intro Microeconomic,4,56,41,48,56,46,37,92,35,14,22,1,5
,ECON- 149,East&Southeast Asia,35,48,45,29,38,21,11,15,3,0,3,0,0
"Gallagher,Patricia M",THEA- 21B,Act 1B Physicality,0,10,4,1,1,0,0,0,0,0,0,0,0
,THEA- 126,Acting Studio III,5,6,7,2,0,0,0,0,0,0,1,0,0
"Galuszka,Frank R",ART- 24B,Intr Paint: Acrylic,2,8,1,5,4,1,0,0,0,0,0,0,0
,ART- 103,Interm/Adv Painting,2,13,2,3,2,0,0,0,0,0,0,0,0
"Gamel,Mary-Kay",LIT- 61M,Classical Myth,4,10,19,22,43,36,47,53,20,16,19,4,1
"Gan,Elaine M",FILM- 170A,Digital Media Prod,2,6,3,5,1,2,1,1,0,0,1,0,0
"Garrick-Bethell,Ian",EART- 160,Planetary Science,2,1,2,5,1,0,0,2,0,1,0,1,1
"Genova,Thomas Francis",SPAN- 3,Instr Spanish Lang,0,10,9,3,0,0,0,0,1,0,0,0,0
"Georgiou,George",ECON- 100A,Intermed Microecon,5,12,8,8,9,8,12,13,4,3,0,0,2
"Gerster,Carole J",MERR- 80B,RI:Cultural IDs&Glob,0,5,4,13,15,5,2,1,0,0,2,0,0
"Gibbs,Raymond W",PSYC- 135,Feelings & Emotions,2,23,40,29,40,12,12,12,0,5,0,0,2
"Giges,Robert Eli",PRTR- 80B,RI:WritingAcrossArts,0,0,5,8,6,0,1,0,1,0,0,0,0
,PRTR- 180,Pedagogical Practic,2,13,0,0,0,0,0,0,0,0,0,0,0
"Ginzburg,Viktor",MATH- 23B,Multivariable Calc,7,12,14,11,9,6,14,20,10,10,0,0,2
"Gjerde,Per F",PSYC- 60,IntroPersonalityPsych,7,50,0,2,41,0,1,14,0,1,1,1,1
"Glass,Ronald",EDUC- 173,Critical Pedagogy,0,8,23,10,6,0,1,0,0,0,0,0,0
"Gliessman,Stephen R",ENVS- 91F,Community /Agroecolgy,0,14,1,1,2,0,0,0,0,0,3,0,0
,ENVS- 130A,Agroeco & Sust Ag,1,20,17,18,18,11,4,2,0,0,2,0,0
"Godzich,Wlad B",LIT- 1,Literary Interpret,2,10,24,16,19,18,12,8,7,10,6,4,5
"Gomoll,Lucian Francis Joseph",HISC- 107,Freak Shows,1,7,5,3,1,0,1,0,0,0,1,0,1
"Gong,Qi",AMS- 10,Math Methods I,0,4,6,17,11,9,17,12,7,6,0,0,2
"Gonzalez Pagani,Maria",SPSS- 61,Spanish Speakers,6,7,12,11,9,2,1,0,0,0,2,0,0
"Gonzalez,Julie H",ECON- 101,Managerial Econ,1,8,11,10,11,8,20,18,7,3,2,1,0
,ECON- 170,Environmental Econ,1,1,1,2,4,3,2,1,1,1,0,0,0
"Gordon,June A",EDUC- 170,School/Asian Imm,0,21,18,8,0,0,1,0,0,0,0,0,0
"Gorry,Christopher A",ECON- 100B,Intermed Macroecon,5,13,8,12,24,23,16,14,4,7,3,0,1
"Gould,Deborah B",SOCY- 172,Social Movements,0,6,5,4,14,4,2,0,0,0,3,0,0
"Grabe,Shelly A.",PSYC- 140G,Women's Lives,1,31,30,21,12,11,5,2,0,3,2,0,0
"Gray,Chris Hables",CRWN- 80B,RI:Ethical Issues,4,17,11,6,4,4,0,1,0,0,0,0,0
"Gray,Herman S",SOCY- 116,Comm & Mass Media,0,2,6,7,13,10,4,5,0,0,3,0,0
"Green,Richard Edward E",BME- 130,Genomes,1,5,2,2,1,0,0,2,0,0,1,0,0
"Greider,Brett E",KRSG- 80A,UD:Power&Represnt,0,10,4,15,10,5,0,2,0,0,0,0,0
"Gritsch De Cordova,Holly",EDUC- 194F,Group Projects,0,36,16,8,2,0,0,0,0,0,33,0,0
"Gu,Claire Xg",EE- 130,Optoelect/Photonics,0,7,5,2,5,0,0,0,0,0,0,0,0
"Guerra,Francesca",MERR- 80A,UD: Cultural IDs,0,11,9,11,8,5,1,0,0,2,0,0,0
,SOCY- 152,Body and Society,4,18,8,9,5,1,5,2,0,2,2,0,0
"Guevara,Daniel Edward",PHIL- 11,Intro To Philosophy,0,35,16,26,20,6,11,5,2,0,23,0,0
"Guha Thakurta,Puragra",ASTR- 1,The Cosmos,17,20,22,20,24,14,27,28,0,2,17,0,0
"Gustafson,Irene",FILM- 80A,The Film Exp,0,27,53,49,65,40,18,11,2,1,13,0,2
"Gweon,Gey-Hong",PHYS- 105,Mechanics,3,5,9,9,11,6,10,11,7,0,0,0,1
"Gwyn,Melissa",ART- 24A,"Intr Painting, Oil",0,7,6,2,3,1,1,1,0,0,0,0,0
"Haber,Howard E",PHYS- 116C,Math Method Physics,3,4,5,8,11,9,13,8,4,2,0,0,0
"Habicht Mauche,Judith A",ANTH- 170,His Archaeol Theory,2,2,4,3,6,2,1,0,0,1,1,1,1
,ANTH- 197F,Laboratory Tutorial,0,1,2,0,0,0,0,0,0,0,14,0,0
"Haddad,Brent M",ENVS- 165,Fresh Water Policy,5,10,6,6,13,6,0,15,3,1,5,0,3
"Hagen,Joy Anna",CLEI- 80A,UD:Environ/Society,0,14,10,8,3,2,1,1,0,1,0,0,0
,CLEI- 99,Tutorial,3,7,0,0,0,0,0,0,0,0,0,0,0
"Hamilton,Roxanne P",WRIT- 2,Rhetoric & Inquiry,0,2,4,15,12,4,0,0,1,0,9,1,0
"Hammack,Phillip L",PSYC- 183,History Of Psych,1,84,0,0,3,0,0,0,0,4,1,0,4
"Hankamer,Jorge",LING- 114,Syntax III,0,9,0,0,2,0,0,0,0,0,1,0,0
"Harizanov,Boris Yordanov",LING- 120,Structure English,0,7,4,6,9,3,3,3,0,1,5,0,0
"Haughwout,Margaretha Anne",ART- 80F,Intro Digital Media,0,4,24,13,19,2,0,2,0,0,0,0,0
"Hawkes,Ellen G",PRTR- 80B,RI:WritingAcrossArts,0,6,5,12,11,7,5,1,0,0,0,0,0
"Hays,Shannon",PRTR- 80A,UD: Writing/Arts,2,7,4,13,7,6,3,3,1,1,0,0,1
"Hedrick,Charles W",HIS- 62A,Classic Worl: Greec,6,12,23,13,30,13,9,17,9,13,14,0,1
"Helmbold,David Paul",CMPS- 142,Machine Learning,3,3,3,1,3,0,0,0,0,0,0,0,1
"Hester,Karlton E",MUSC- 11B,Intro to Jazz,27,21,8,11,20,15,9,19,6,17,35,12,0
"Hinck,Lindsay",BIOL- 110,Cell Biology,6,21,13,20,46,23,22,45,10,8,0,0,5
,BIOL- 189W,Human Biology DC,2,0,4,5,2,0,0,0,0,0,0,0,0
"Hirsch,Daniel O",CLTE- 91,Introduction Nuclear Policy,2,8,14,1,4,1,3,4,1,2,2,0,0
"Hitchcock,Miriam C",ART- 104,Spec Topcs Painting,0,5,9,4,3,0,1,1,0,0,1,0,0
,ART- 105,Spec Topics Drawing,0,6,6,2,4,1,2,1,0,0,1,0,0
"Hoffman,David A",PSYC- 118B,Extm Circumstances,2,43,10,3,5,0,0,0,0,0,0,0,0
,PSYC- 170,Abnormal Psychology,8,84,5,6,9,2,2,4,0,0,1,0,0
"Hollander,Eli E",FILM- 170B,Film/Video Productn,1,6,5,7,3,1,1,0,0,0,0,0,0
"Hong,Christine",LTEL- 190L,English Lang Lit,6,5,2,3,2,3,0,0,0,1,0,0,0
"Honnef,Theo",COWL- 80A,UD: Imagining Justice,0,7,13,14,8,4,0,0,0,0,0,0,0
"Hu,Minghui",HIS- 40A,Early Mod East Asia,0,6,8,17,19,18,16,1,4,3,8,0,2
,HIS- 140B,His China 1644-1911,1,1,9,19,8,6,3,0,0,4,2,0,0
"Hunter,Donna M",HAVC- 135B,Germn Art 1905-1945,0,7,8,14,6,9,7,4,1,0,3,0,3
,HAVC- 190P,Patriotism Fren Rev,0,2,3,0,2,1,1,1,0,1,0,0,0
"Hutchison,Greta K A",FREN- 2,Instr French Lang,0,5,3,5,4,0,1,1,1,1,2,2,1
,FREN- 125B,Fr Civ: 20Th Century,1,2,2,1,2,1,1,1,0,2,1,0,0
"Hutchison,Michael M",ECON- 2,Intro Macroeconomic,11,21,16,31,50,11,26,43,10,17,12,6,4
"Isaacson,Michael Saul",EE- 198,Individual Study,0,10,5,2,2,0,0,0,0,0,1,0,0
"Jablonski,Noria",PRTR- 80A,UD: Writing/Arts,0,1,5,9,13,5,1,2,1,0,0,0,0
"Jaffe,Roberta M",ENVS- 177,TeachEnvironEduc,0,14,10,2,0,0,0,0,0,0,0,0,0
"Jannarone,Kimberly M",THEA- 61C,Birth of the Modern,3,13,26,9,14,5,4,13,6,7,4,2,0
"Johnson,Robert Preston",PHYS- 139B,Quantum Mechanics,5,4,1,1,6,0,1,3,0,0,2,0,0
"Jones,Catherine A",HIS- 110D,Civil War Era,0,5,19,22,25,14,7,5,1,0,0,0,0
"Juarez,Chelsey Ann",ANTH- 1,Intr Humn Evolution,6,28,8,28,44,13,18,33,14,11,6,1,3
,ANTH- 102A,Human Skeletal Biol,0,3,0,3,5,2,6,4,2,4,0,2,2
"Kalinic,Ariana",SOCY- 167,Devel & Underdevelp,4,6,9,6,3,6,4,0,0,0,2,0,0
"Katznelson,Jonathan Rice",AMS- 5,Statistics,6,13,12,12,61,20,11,99,15,13,11,6,3
,AMS- 11B,Math Methds Econ II,0,10,4,3,23,10,5,32,6,6,6,2,2
,ECON- 11B,Math Methds Econ II,0,1,0,0,2,0,0,5,2,0,0,0,0
,MATH- 21,Linear Algebra,14,14,4,9,23,8,4,32,8,7,0,2,4
"Keenan,David L",CHIN- 1,Chinese: Mandarin,0,23,6,6,7,1,2,2,0,0,8,0,0
"Kehler,Edward Harold",HIS- 172B,German Film 1919-45,0,5,9,12,9,6,1,2,1,3,1,0,2
,STEV- 80A,UD:Self & Society,0,0,7,11,4,1,0,0,0,0,0,0,0
"Kenez,Peter",HIS- 175A,Medieval Russia,4,8,2,3,10,6,2,8,4,4,0,0,1
"Kenney,Martha Jean",HISC- 105,Fem Study:Narr&Refig,1,4,7,3,4,3,0,2,0,0,0,0,1
"Kent,Patrick Martin",EDUC- 50C,CAL Teach1: Science,5,2,4,2,2,1,0,1,0,0,0,0,1
"Kidd,Brian A",BIOL- 181,Comp Bio Tools,0,4,3,4,5,3,4,6,0,0,0,0,0
,BME- 110,Comp Bio Tools,2,3,3,0,0,6,3,0,0,1,0,0,0
"Kim,Hi Kyung",MUSC- 121,Orchestration,0,5,5,4,3,0,0,0,0,0,0,0,0
"Kim,Lahn S",FILM- 165D,Asian Americans,0,6,7,18,12,10,5,5,0,0,3,1,1
"Kimball,Julie Hall",PHYE- 30L,Yoga Exercises,0,0,0,0,0,0,0,0,0,0,115,26,2
"Kimper,Wendell",LING- 102,Phonology II,2,8,8,7,7,4,3,0,1,1,19,1,1
,LING- 154,Lang/Social Identity,2,3,7,7,5,5,2,1,0,1,4,0,0
"King,Christine L.",CLTE- 95,Nonviolent Comm,0,2,0,0,1,0,0,0,0,0,15,0,0
"King,Robin Y",OAKS- 80A,UD:CommunicatingDiversity,0,4,3,3,3,3,2,1,1,0,0,0,0
,WRIT- 169,Tutoring Writing,0,5,19,7,0,0,0,0,0,0,6,0,0
"Kingon,Russell L",PHYE- 9B,BegDinghySailing,0,0,0,0,0,0,0,0,0,0,16,2,0
"Kingsbury,Donald Vernon",CLNI- 80A,UD:Intl/Global Issues,0,0,4,4,9,3,0,3,0,0,0,0,0
"Kinoshita,Sharon A",LTWL- 124,Hist Culture Theory,0,12,14,9,15,13,11,6,3,3,7,0,1
"Klahn,Norma",LTSP- 102A,Conquest--Sor Juana,0,4,5,6,3,3,1,1,0,1,2,2,1
,LTWL- 190A,Topics in World Lit,0,13,5,3,2,0,0,0,0,0,0,0,0
"Klevan,Robert",MUSC- 9,Wind Ensemble,0,48,0,2,1,0,0,0,0,0,4,0,0
"Knisely,Lindsay Elizabeth",OAKS- 80B,RI:CommunicatingDiversity,0,7,8,8,4,1,0,0,0,0,0,0,0
"Knittle,Elise",EART- 5,California Geology,0,47,13,2,83,4,5,27,2,2,6,2,1
"Kotowski,Jan Michael",POLI- 3,Concepts/Politics,0,4,12,27,34,27,18,10,5,4,7,0,1
"Kraft,Reiner",CMPS- 183,Hypermedia/Web,3,12,2,4,20,9,6,7,0,1,0,0,1
"Kumar,Mythili R",THEA- 80Z,Indian Dance,1,21,16,2,0,0,0,0,0,0,3,0,0
"Kumaran,Laxmi",THEA- 12,Stage Management,11,9,1,7,1,1,0,1,1,1,1,0,0
"Landau,Greg",LALS- 80Q,Musica Latina,8,54,16,4,3,0,0,0,0,0,3,0,0
"Langhout,Regina Day",PSYC- 194C,Adv Social Research,0,14,2,0,0,0,0,0,0,0,1,0,0
"Langridge,Ruth",LGST- 132,Ca Water Law/Policy,1,8,3,1,7,7,1,0,0,0,0,0,0
,POLI- 132,Ca Water Law/Policy,2,4,3,2,5,2,0,0,1,0,1,0,0
"Langridge,Suzanne May",ENVS- 131,Insect Ecology,0,8,2,2,9,7,0,4,1,1,1,0,0
"Larrabee,Tracy",CMPE- 80N,Intro to Networking,0,73,24,28,12,5,0,4,3,1,4,0,0
"Lasar,Matthew",HIS- 110E,U.S. From 1877-1914,0,11,11,13,4,5,1,4,2,4,1,0,0
,HIS- 190U,Power/Culture in US,0,3,3,8,4,1,1,0,0,0,0,0,0
"Lau,David M",CLNI- 80A,UD:Intl/Global Issues,2,8,12,1,0,0,0,0,0,0,0,0,0
,CLNI- 80B,RI:Intl/Global Issues,6,29,9,1,0,0,0,0,0,0,0,0,0
,CLNI- 80L,College Nine Core Film,6,15,0,0,0,0,0,0,0,0,0,0,0
"Lau,Kimberly J",AMST- 102,Reading Culture,1,2,4,7,5,5,1,2,1,1,0,0,0
"Lay,Thorne",EART- 2,Earth Catastrophes,3,15,9,19,29,24,26,36,10,9,13,1,0
"Leanos,John Jota",FILM- 171G,Doc Amni Wkshp,0,11,2,0,0,0,0,0,1,0,0,0,0
"Leaper,Campbell",PSYC- 100,Research Methods,5,13,15,17,71,13,9,20,0,13,2,0,1
"Lee,Jeremy C",BIOL- 100K,Biochemistry Lab,1,16,32,33,77,40,20,59,6,4,0,0,2
,BIOL- 105L,Eukaryotc Genet Lab,0,4,3,2,3,1,0,2,0,0,0,0,0
"Leicester,H M",LTEL- 103E,Studies: Romanticsm,0,16,10,3,1,0,0,0,0,0,0,0,0
,LTEL- 190L,English Lang Lit,7,16,0,0,0,0,0,0,0,0,1,0,0
"Leikin,Anatole",MUSC- 11A,Classical/MidAges/Pres,69,63,13,13,24,9,12,29,16,7,57,5,3
"Leslie,Juliana I",LTCR- 10,Intro Creative Writ,0,10,8,1,1,0,0,0,0,1,0,0,0
"Levinson,Robert A",CMPS- 130,Computational Model,3,3,3,7,8,6,4,10,1,1,0,0,0
"Lewis,Debra K",MATH- 128A,Classical Geometry,1,7,3,10,5,1,3,3,5,0,0,0,0
"Li,Yat",CHEM- 163A,Quantum Mech & Spec,4,19,5,8,31,14,36,23,9,1,0,0,0
"Lieberman,Fredric",MUSC- 80W,Music Business,37,266,1,0,11,0,0,6,5,2,18,0,1
"Linington,Roger G",CHEM- 108A,Organic Chemistry,5,20,7,33,123,33,0,67,23,18,0,0,2
"Locks,Norman",ART- 134,Spec Topics Photo,1,12,3,6,7,0,0,0,0,0,0,0,0
"Loeffler,Toby H",CLNI- 80A,UD:Intl/Global Issues,0,0,3,3,7,4,2,1,0,0,0,0,0
"Loik,Michael E",ENVS- 80B,Forecast Globl Warm,8,22,14,16,35,13,13,36,9,9,14,1,6
"Lokey,Robert Scott",CHEM- 146A,Adv Lab Organic,0,9,3,0,2,1,1,0,0,0,0,0,0
"Lonetree,Amy J",AMST- 123M,Am Ind Hist On Film,0,6,7,4,6,3,0,1,0,0,2,0,0
,AMST- 190,Senior Seminars,1,5,6,3,0,3,1,0,0,0,0,0,0
"Longo,Philip M",OAKS- 80A,UD:CommunicatingDiversity,0,0,4,5,6,3,2,3,0,0,0,0,0
"Lopez,Leslie Thomson",OAKS- 80A,UD:CommunicatingDiversity,0,7,4,2,3,2,2,4,0,0,0,0,0
"Lowell,Karen L",CRWN- 80A,UD:Ethical Issues,0,5,11,3,3,2,10,5,0,0,0,0,0
"Lozano,Benjamin James",HISC- 139A,MrktCrises/FutureCapit,5,4,4,2,6,2,3,3,0,3,5,1,0
,LGST- 157,Political Jurisprudence,1,4,12,2,11,7,2,7,2,2,0,1,0
"Lubeck,Paul M",SOCY- 15,World Society,2,15,17,20,28,14,18,24,6,3,6,0,4
,SOCY- 30A,IntrGlobal InfoEnterp,3,6,7,3,7,3,0,0,1,2,0,0,1
,SOCY- 188G,Glbl Islam Politics,0,6,7,4,3,4,2,5,0,2,2,0,1
,SOCY- 194F,Group Tutorial,0,5,2,0,3,0,0,2,0,0,0,0,0
"Lusztig,Irene E.",FILM- 20P,Productn Technique,0,7,21,18,13,15,1,2,0,2,0,0,2
"Ly,Boreth J.",HAVC- 123B,ReligVisCultureSoAsia,0,7,8,16,21,7,3,1,0,1,3,0,2
"Lynn,Jennifer K",GREE- 1,Elem Ancient Greek,2,5,0,2,3,3,0,0,0,1,0,0,0
,LATN- 1,Elementary Latin,6,13,3,3,2,2,0,0,0,0,1,0,0
"Lyon,Bruce E",BIOE- 112,Ornithology,2,5,3,5,2,1,3,3,0,0,0,0,0
,BIOE- 112L,Ornithology Field,9,5,3,1,3,1,2,0,0,0,0,0,0
"Mackey,Wesley F",CMPS- 12B,Intro Data Structur,15,10,11,20,15,12,2,15,6,8,0,1,13
,CMPS- 104A,Fund Compiler Des 1,11,6,8,7,12,3,5,5,3,2,0,0,0
"Manduchi,Roberto",CMPE- 80A,Universal Access,0,30,49,39,28,11,0,21,2,2,10,1,0
"Manke,Arthur E.",THEA- 80X,Performance/Story,1,3,5,10,18,23,2,23,4,9,4,2,0
,THEA- 151,Stdy Perform Drama,2,10,1,0,0,0,0,0,0,0,0,0,0
"Mantey,Patrick E",CMPE- 194F,Group Tutorial,0,17,6,7,0,0,0,0,0,0,0,0,0
"Marinovic,Baldo Branimir",BIOE- 20C,Ecology & Evolution,21,19,25,33,53,19,75,86,18,19,6,1,7
"Marion,Justin",ECON- 100A,Intermed Microecon,3,23,9,11,23,9,15,21,0,11,1,0,0
,ECON- 150,Public Finance,3,5,2,3,4,1,3,4,0,3,2,0,0
"Martin,Laura Elizabeth",CLTE- 80B,RI: Social Justice,0,6,8,11,6,9,4,3,0,0,0,0,0
,CLTE- 80L,College Ten Core Film,0,11,11,1,1,1,0,1,0,0,0,0,0
"Martinez-Echazabal,Lourde",LTSP- 135F,Cine y Literatura,1,2,2,7,0,0,0,0,1,1,2,1,1
"Martinez-Galarce,Marco Antonio",PRTR- 80A,UD: Writing/Arts,7,11,12,5,5,5,3,1,0,0,0,0,0
"Martinez-Guerrero,Olga",SPAN- 1,Instr Spanish Lang,0,8,8,5,0,0,1,1,0,0,0,0,1
"Martyna,Wendy",SOCY- 111,Family & Society,0,76,28,11,10,1,1,1,0,0,1,0,0
"Mathews,Andrew S.",ANTH- 130J,Statemaking Lat Am,2,5,8,12,3,3,3,1,0,4,0,0,1
"Mc Kercher,Patrick M",CLEI- 80A,UD:Environ/Society,0,0,6,6,8,16,3,0,1,0,0,0,0
"McCarthy,Matthew D",OCEA- 80B,Our Changing Planet,6,10,8,17,18,16,11,5,4,3,4,0,1
"McCloskey,James",LING- 112,Syntax I,0,2,1,2,2,1,0,1,0,1,26,3,2
"McDowell,Charles E",CMPS- 5J,Intro to Prog Java,4,21,23,21,50,16,10,29,17,5,5,1,4
"McMillen,Jennifer",MERR- 80A,UD: Cultural IDs,0,2,1,2,3,0,3,2,0,1,0,0,0
"McWilliams,Mallory",ECON- 10A,Econ of Accounting,5,17,14,7,16,8,8,16,13,13,2,2,5
"Mendes,Bruno Silva",AMS- 2,Pre-Statistics,0,3,4,13,8,10,0,7,14,7,2,2,0
"Merz,Joseph E",BIOE- 155,Freshwater Ecology,4,10,4,9,11,6,1,3,0,0,0,0,0
"Metcalf,Jacob Patrick",BME- 80G,Bioethics 21st Cent,6,12,12,32,47,46,7,16,8,6,12,0,3
"Meyer,James J",PHYE- 30J,Strength Training,0,0,0,0,0,0,0,0,0,0,13,2,0
"Migliore,Edward T",MATH- 19B,"Calc:Sci,Engin,Math",3,27,1,4,63,0,15,52,18,49,1,2,8
"Millhauser,Glenn L",CHEM- 1A,General Chemistry,9,34,31,15,145,16,12,107,0,78,2,1,5
"Millman,Marcia",SOCY- 141,Group Processes,5,6,10,4,2,1,2,0,0,0,0,0,0
"Milutinovic,Dejan",AMS- 11A,Math Methd for Econ,4,5,4,12,9,13,13,21,17,13,3,1,5
"Mitchell,Richard R",MATH- 20A,Honors Calculus,1,2,1,1,7,2,3,4,5,0,0,0,1
,MATH- 23A,Multivariable Calc,1,5,4,11,21,9,27,33,26,2,2,2,6
"Monroe,James C",ANTH- 178,Historical Archaeol,0,1,5,6,7,4,6,2,4,7,1,0,1
"Monsen,Katie Lenore",EE- 80S,Sustn Eng/Pract,8,15,14,6,14,4,7,11,8,7,13,2,0
"Moody,Ingrid B",PRTR- 80A,UD: Writing/Arts,0,3,4,5,11,6,1,3,1,0,0,0,1
"Moore,James Casey",EART- 150,Structural Geology,3,3,1,5,4,3,4,3,0,0,0,0,0
"Mori,Cynthia Ann",PHYE- 30J,Strength Training,0,0,0,0,0,0,0,0,0,0,18,1,1
"Morse,Heidi Elizabeth",LATN- 1,Elementary Latin,0,4,3,1,3,1,1,4,1,1,1,0,0
"Morse,Margaret E",FILM- 136D,Documentry Film&Vid,5,23,9,3,7,5,0,1,0,1,4,0,0
"Moschetti,Thomas",ECON- 117A,Income Tax Factors,1,41,10,8,28,1,5,12,0,1,1,0,1
"Moulds,Gerald Bennett",CMPE- 3,Personal Computers,0,217,0,32,62,0,7,25,1,5,6,1,3
,CMPE- 185,Tech Writ Comp Engs,0,11,16,11,4,1,1,2,0,1,0,0,0
"Munday,David Alexander",CMPE- 194F,Group Tutorial,0,17,6,7,0,0,0,0,0,0,0,0,0
"Murai,Emily Hsiu-Yun",CLNI- 80A,UD:Intl/Global Issues,0,14,25,9,3,4,2,2,0,0,0,0,0
"Murray,Derek C.",HAVC- 45,Photography Now,0,13,16,33,48,28,22,17,2,6,9,0,3
"Musacchio,John T",ECON- 166A,Game Theory /Apps I,0,13,7,7,7,3,3,3,4,1,0,0,2
"Najera Ramirez,Olga",ANTH- 81A,Mexican Folk Dance,22,5,7,4,2,3,0,0,0,0,3,2,1
,LALS- 81A,Mexican Folk Dance,4,1,5,3,0,2,0,0,0,0,3,1,0
"Nauert,Paul",MUSC- 30A,"Theor, Lit, Music",3,7,2,7,12,2,1,3,0,0,0,0,0
"Nava,Steve",SOCY- 177A,Latinos/AmerGlobCty,1,5,13,5,5,1,0,0,0,0,2,1,0
"Navarro,Marta A",SPAN- 1,Instr Spanish Lang,0,22,1,3,1,0,0,1,0,0,1,0,0
,SPAN- 2,Instr Spanish Lang,1,23,3,9,0,0,0,1,0,0,3,0,2
"Nealand,Eireene",LTCR- 10,Intro Creative Writ,0,5,4,4,0,1,0,0,0,0,6,0,0
"Neu,Jerome",PHIL- 139,Freud,1,8,6,6,7,9,14,22,5,8,6,1,1
,PSYC- 163,Freud,0,4,3,8,8,5,8,20,12,11,7,1,2
"Newberry,Ellen Spencer",MERR- 80A,UD: Cultural IDs,0,4,6,9,7,5,1,1,0,0,0,0,2
"Newman,John Terrance",CLEI- 80A,UD:Environ/Society,0,0,2,10,10,0,0,0,0,1,0,0,0
,CLEI- 80B,RI:EnvironmntSociety,0,2,2,17,5,0,0,0,0,0,1,0,0
"Nichols,Shawn Leslie",POLI- 70,Global Politics,2,7,3,4,9,5,3,9,3,1,7,0,0
"Nickel,Barry",ENVS- 115A,GIS & Envnmtl Applc,2,3,6,7,12,9,2,8,2,0,6,1,1
"Nielsen,Jason A",PHYS- 6C,Intro Phys III,2,37,6,5,57,5,4,78,10,3,7,0,4
"Noller,Harry F",BIOC- 100A,Biochemistry,0,6,0,10,14,9,0,20,44,12,0,0,4
"Norris,Lisa K",PHYE- 20A,Ballet,0,0,0,0,0,0,0,0,0,0,63,8,0
,PHYE- 20C,Jazz Dance,0,0,0,0,0,0,0,0,0,0,50,4,0
"Nygaard,Loisa C",LTGE- 154,The German Novelle,0,4,3,1,2,1,0,0,0,0,0,0,1
"O'Hara,Matthew D",HIS- 134A,Colonial Mexico,0,11,11,8,10,7,5,5,0,1,1,0,0
,HIS- 190H,History of Time,0,3,6,0,2,2,0,1,1,0,0,0,0
"Ochoa,Marcia",AMST- 150,Mediating Desire,0,6,7,2,6,0,0,0,1,0,0,0,0
,FMST- 150,Mediating Desire,1,15,6,4,9,2,0,0,0,1,1,1,1
"Ogren,Linda M",BIOL- 20L,Experimental Lab,0,1,0,0,6,1,2,3,0,0,0,0,0
,BIOL- 130,Human Physiology,0,9,2,4,21,4,9,18,25,8,0,0,2
,BIOL- 130L,Human Physiolgy Lab,0,7,6,0,5,4,6,22,6,0,0,0,1
"Okamoto,Shigeko",JAPN- 103,Advanced Japanese,4,3,4,2,1,0,1,0,0,0,1,0,0
,LAAD- 109,Jpn Lang/Cul/Soc,0,1,5,1,2,2,1,0,0,1,0,0,0
"Ottemann,Karen M",BIOL- 119L,Gen Microbio Lab,1,9,9,0,11,1,1,0,0,0,0,0,0
"Ozgen,Mesut",MUSC- 6,ClassicalGuitarEns,4,7,0,1,0,0,0,0,0,0,0,0,0
"Padgett,Jaye",LING- 151,Phonetic Analysis,1,9,4,3,2,1,0,1,3,0,1,1,0
"Paiement,Nicole A",MUSC- 2,Univ Orchestra,5,23,0,0,1,0,0,0,0,0,0,0,0
"Palleros,Daniel",CHEM- 108L,Organic Chem Lab,21,53,49,42,68,21,10,16,1,5,0,0,2
,CHEM- 112L,Organic Chem Lab,7,17,23,9,13,6,1,3,0,0,0,0,0
"Pandey,Annapurna Devi",ANTH- 124,Anthro of Religion,0,9,19,12,7,3,2,2,0,3,3,0,4
,MERR- 80A,UD: Cultural IDs,0,6,4,10,3,0,0,0,0,0,0,0,0
,MERR- 80B,RI:Cultural IDs&Glob,0,6,2,9,5,1,0,0,0,0,0,0,0
"Pandey,Triloki N",ANTH- 130N,Native Peoples N Am,2,18,27,7,4,4,1,0,0,0,3,0,2
"Pang,Alex",CMPS- 12A,Intro Program (Accel),6,23,31,27,12,8,13,9,0,7,0,0,1
"Parker,Ingrid Marie",BIOE- 145,Plant Ecology,0,8,7,5,8,3,5,5,2,0,2,1,0
,BIOE- 145L,Plant Ecology Field,0,6,4,3,4,4,2,0,0,0,0,0,0
"Parker,Jennifer A",ART- 140,Metal Fabrication,1,10,0,4,3,0,0,0,0,0,0,0,0
,ART- 148,SpecialTopicsSculpture,2,6,0,6,4,0,0,0,0,0,0,0,1
"Parmeter,Sarah-Hope",WRIT- 2,Rhetoric & Inquiry,0,5,5,16,7,3,3,3,1,0,3,1,1
"Pasotti,Eleonora",POLI- 149,DemocraticTransitns,0,2,6,9,9,6,2,6,0,2,3,0,2
"Perera,Nirshan Rex-Boniface",WRIT- 2,Rhetoric & Inquiry,0,9,2,6,0,3,2,3,0,0,0,0,0
"Perez,Ariel A",SPAN- 4,Intermed Spanish,1,5,6,7,12,7,4,2,1,0,2,0,0
,SPSS- 61,Spanish Speakers,1,3,9,5,2,4,0,1,0,1,0,0,0
"Perks,Micah E",LTCR- 170,Methods & Materials,0,8,7,8,1,0,0,0,0,0,0,0,0
"Perla,Hector",LALS- 1,Intro Latin Amer St,7,35,51,50,36,14,12,11,4,2,16,3,1
,LALS- 149,U.S.-Latin AmPolicy,0,8,4,2,3,1,2,10,0,2,1,0,0
"Perry,Kathleen Chris",ART- 23,Intermedia I,0,2,4,3,9,2,1,0,0,0,0,0,0
,ART- 40,Sculpture I,0,2,8,3,4,2,0,0,0,0,1,0,0
"Petersen,Stephen C",CMPE- 121,Micro System Design,1,1,7,4,12,5,10,5,1,0,0,1,1
,CMPE- 174,Intro to EDA Tools,2,22,6,1,3,0,0,0,0,1,0,0,1
"Pittermann,Jarmila",BIOE- 20B,Developmt & Physiol,14,35,36,16,28,26,13,7,4,1,0,0,0
"Pizzuti,Grace B",OAKS- 80A,UD:CommunicatingDiversity,1,13,9,3,2,0,0,1,1,0,0,0,0
"Poblete,Juan E",KRSG- 99F,Independent Study,3,31,5,1,4,0,0,0,0,0,86,3,2
"Pogson,Grant",BIOE- 109,Evolution,11,19,11,23,40,22,18,16,5,1,0,0,2
"Polecritti,Cynthia L",HIS- 183A,19th-C. Italy,0,15,2,4,2,2,0,0,0,0,1,0,0
"Polyzotis,Neoklis",CMPS- 182,Intro Database Mgmt,0,1,3,8,5,7,3,3,0,0,0,0,1
"Pommerenke,Kay",ECON- 138,Tecnology & Innovat,0,7,19,21,8,8,1,1,2,1,0,0,1
"Poole,Jennifer",ECON- 140,International Trade,2,1,5,2,2,2,3,4,1,0,0,0,0
,ECON- 143,InternatnlEconPolicy,1,2,2,1,0,0,1,2,0,1,0,0,0
"Poplin,Stan E",MUSC- 164,Jazz Ensembles,2,9,1,0,0,0,0,0,0,0,0,0,0
"Porter,Eric C",AMST- 199F,Tutorial,2,11,0,5,0,0,0,0,0,0,1,0,0
"Poulsen,Melissa Paloma Eriko",WRIT- 2,Rhetoric & Inquiry,0,3,3,4,4,1,0,4,1,0,4,0,0
"Pourmand,Nader",BME- 140,Bioinstrumentation,4,17,1,0,1,0,1,0,0,0,0,0,0
"Poynor,Valerie Ann",AMS- 7L,StatMthdsBioEnvHlthLab,0,32,0,0,2,0,0,1,0,0,1,0,0
"Prado,Raquel",AMS- 131,Intro Prob Theory,5,2,4,15,1,3,4,3,1,0,0,0,3
"Pratkanis,Anthony R",PSYC- 40,Intro Social Psych,11,8,11,13,21,8,3,9,8,7,2,0,1
,PSYC- 150,Soc Psyc Flim-Flam,2,19,3,13,14,7,1,3,0,0,1,0,1
"Prencipe,Maria A.",ITAL- 1,Instr Italian Lang,0,3,7,3,3,0,4,1,0,1,1,1,0
,ITAL- 4,Intermed Italian,0,5,8,7,1,4,4,1,0,0,4,0,0
"Primack,Joel R",PHYS- 5D,"Heat,Thermo&Kinetic",14,35,9,10,27,9,2,9,1,2,0,0,0
,PHYS- 5I,IntroPhysHonors I,2,6,2,2,3,0,0,0,0,0,0,0,1
"Pudup,Mary Beth",CMMU- 100E,Economic Justice,2,4,6,3,2,0,0,0,0,0,2,1,0
"Qing,Jie",MATH- 105A,Real Analysis,2,8,3,6,5,1,2,7,4,0,6,0,1
,MATH- 106,Ordinary Diff Equas,3,4,0,2,2,0,0,0,0,0,1,0,0
"Quinn,Ralph H",PSYC- 80A,Psych and Religion,15,117,127,51,42,12,6,9,1,7,13,0,2
"Raimondi,Peter T",BIOE- 161,Kelp Forest Ecology,2,4,4,11,7,1,0,0,0,0,0,0,0
,BIOE- 161L,Kelp Forest Eco Lab,2,4,4,11,7,1,0,0,0,0,0,0,0
"Rajan,S Ravi",CLEI- 81A,Environment and Us,211,63,47,28,19,9,7,3,1,3,2,0,0
,CLEI- 90,Garden Internship,2,8,3,1,0,0,0,0,0,0,1,0,0
"Ramirez,Catherine S",AMST- 112,Immigration & Assim,1,6,16,12,14,12,12,3,6,0,10,2,3
"Ramirez,Renya K",ANTH- 131,Women Xcultrl Persp,3,17,15,6,2,3,0,0,0,0,0,0,0
"Rangell,Paul",ART- 80A,Intro to Drawing,5,42,13,7,11,4,1,6,1,6,6,0,2
,ART- 114,Lithography I,0,14,5,1,4,0,0,0,0,0,0,0,1
"Rava,Annalisa",CRWN- 80A,UD:Ethical Issues,0,5,4,2,2,6,2,3,4,0,3,2,1
"Ravelo,Ana Christina",EART- 102,Marine Geology,1,5,10,9,7,4,3,4,0,2,0,0,0
"Reardon,Jennifer E",SOCY- 121,Health & Medicine,0,12,16,6,8,6,1,1,1,0,0,0,0
"Regan,Lisa K",HAVC- 133A,Medieval Art,0,7,6,7,4,2,1,1,0,1,2,0,1
"Reinarman,Craig",SOCY- 1,Intro Sociology,1,14,50,44,76,31,17,12,6,2,20,0,1
"Ritz,Steven",PHYS- 101A,Intro Modern Phys I,2,10,10,19,15,20,6,17,1,4,1,0,0
"Rivard,Courtney Jeanne",CLNI- 80A,UD:Intl/Global Issues,0,0,5,6,6,4,0,0,0,0,0,0,0
"Rivas,Cecilia M.",LALS- 80J,"Race, Nation, War",5,10,18,19,12,7,2,0,1,1,7,0,0
,LALS- 194R,Violencia en Amer,0,3,4,8,4,1,0,1,0,0,0,0,1
"Robertson,Dena",CLTE- 80A,UD:Social Justice,1,5,8,4,2,2,1,0,0,0,2,0,0
,COWL- 80B,RI:Imagining Justice,1,8,7,3,0,2,0,0,0,0,0,0,0
"Robinson,Forrest G",LIT- 80I,Amer Popular Cultur,0,4,23,55,42,11,3,11,1,3,2,0,1
"Robinson,Jonathan M.",ECON- 120,Economic Developmnt,2,5,3,4,4,6,2,1,3,3,6,1,0
"Rodrigues,Laurie",PRTR- 80A,UD: Writing/Arts,0,1,10,12,9,11,4,1,0,0,0,0,0
"Rodriguez,Abel",AMS- 80A,Gambling and Gaming,9,23,42,23,20,27,14,16,4,4,20,4,2
"Rofel,Lisa B",ANTH- 150,Communicating Anth,1,10,15,19,18,7,3,3,0,3,4,0,0
"Rogoff,Barbara",PSYC- 119A,Sociocultural Devmt,11,4,6,7,4,1,0,0,0,0,0,0,0
"Roland,Randa Elaine Pfeifer",CHEM- 1C,General Chemistry,0,87,27,21,52,18,35,21,7,35,1,0,0
,CHEM- 1P,Chem Essentials,0,211,1,4,5,1,1,8,3,2,1,1,0
"Rollins,Sophie Marie",FREN- 1,Instr French Lang,5,4,2,3,0,0,1,5,0,4,3,0,0
"Romero,Alvaro",SPAN- 4,Intermed Spanish,0,16,15,8,6,3,1,1,0,0,0,0,1
,SPAN- 114,Adv Convers & Compo,0,7,6,2,1,1,0,0,0,0,0,0,0
"Rosen,Jacob",EE- 154,Feedback Cntrl Syst,3,10,2,4,4,1,2,0,0,1,0,0,1
"Rosenblum,Bruce",PHYS- 8,Quantum Enigma,14,24,0,1,28,0,0,6,1,0,7,0,3
"Rossman-Benjamin,Tammi H",HEBR- 1,Instr Hebrew Lang,6,8,3,1,5,0,1,1,2,1,1,1,0
"Roth,Paul Andrew",PHIL- 121,Knowledge&Rationlty,0,1,4,4,7,5,0,10,3,2,1,0,1
"Rothwell,Wendy Faye",BME- 5,Intro to Biotech,1,19,4,9,38,8,28,9,0,5,2,0,1
,BME- 80G,Bioethics 21st Cent,6,12,12,32,47,46,7,16,8,6,12,0,3
,BME- 80H,The Human Genome,1,40,8,8,56,8,42,12,0,3,10,1,0
"Rotkin,Michael Eric",CMMU- 10,Intr To Cmmu Actvsm,0,33,8,5,1,0,0,4,0,1,3,0,0
,CMMU- 198,Indep Field Study,1,127,51,26,10,4,2,3,0,3,0,0,0
"Ruben,Jesse Daniel",LGST- 10,Intro Legal Process,0,13,0,0,57,0,0,35,6,2,0,0,0
"Ryan,Beth",CLTE- 80A,UD:Social Justice,0,10,10,7,12,10,0,0,0,0,0,0,0
"Sahota,Guriqbal Singh",LTWL- 133,Culture And Nation,0,3,7,3,1,4,3,1,0,2,3,0,0
"Samokhina,Natalya",RUSS- 1,Instr Russian Lang,0,3,13,3,2,1,2,0,0,0,2,0,1
,RUSS- 4,Intermed Russian,0,7,4,1,5,2,0,0,0,0,5,0,0
"Samuels,Jessica Alida",STEV- 33,Ethical Dilemmas,1,6,5,2,0,0,0,0,0,0,3,0,0
,STEV- 80A,UD:Self & Society,1,3,10,10,11,3,1,1,0,0,0,0,0
"Sanchez,Edgar Alberto",PRTR- 22A,Day Of The Dead,5,17,0,2,0,0,1,0,0,0,3,0,0
"Sanders-Self,Melissa Lynn",LTCR- 52,Inter Fiction Writing,0,15,6,1,0,0,0,0,0,0,0,0,0
"Sanders-Self,Nigel",KRSG- 65D,Pwr & Rep: Perf,3,8,0,0,0,0,0,0,0,0,0,0,0
"Sanford,Sarah",ART- 117,Spec Topic Printmak,0,3,5,7,7,2,0,0,0,0,0,0,0
"Saposnek,Donald T",PSYC- 171,Child Psychopathol,1,16,25,15,28,10,4,14,0,1,4,0,0
"Schaefer,Neil",CLEI- 80A,UD:Environ/Society,2,3,7,12,10,8,1,0,0,0,0,0,0
"Schaeffer-Grabiel,Felici",FMST- 124,Technol/Americas,0,7,6,1,2,1,1,2,1,1,0,0,0
,FMST- 145,Race/Gender Formatn,2,16,22,10,13,3,3,1,0,1,11,2,1
"Scheible,Jeffrey P.",FILM- 194A,Film Theory Seminar,0,3,6,0,4,1,0,1,0,1,0,0,0
,PRTR- 80A,UD: Writing/Arts,1,2,2,2,8,5,3,1,0,0,0,0,0
"Schlag,Martine",CMPE- 16,Appl Discrete Math,6,21,9,5,20,9,10,36,22,8,0,0,7
"Schleich,Thomas W",CHEM- 1A,General Chemistry,71,42,39,41,26,28,27,20,20,47,1,1,9
"Schmidt,Holger",EE- 145,Props Of Materials,2,2,3,3,7,5,9,14,5,9,0,0,0
"Schoenman,Roger",POLI- 17,US & World Economy,1,25,14,20,32,14,6,16,1,2,10,0,5
,POLI- 160D,Intl Political Econ,0,20,16,10,17,4,2,12,0,2,2,0,2
"Schultz,Dawson S",COWL- 80A,UD: Imagining Justice,0,3,6,5,5,3,0,0,0,0,0,0,0
"Schwartz,Hilde L",EART- 109,Field Geology,0,1,5,2,13,2,2,1,0,0,0,0,0
"Schwartz,Susan Y.",EART- 104,Geologic Hazards,0,5,4,9,3,1,4,2,0,0,0,0,0
"Scott,William G",CHEM- 1B,General Chemistry,0,67,0,0,73,0,0,79,24,33,1,0,6
"Seara,Ana Maria C",PORT- 1A,Elmentry Portuguese,4,3,2,2,3,2,2,1,1,0,3,1,2
,PORT- 60A,Beg-Intr Portuguese,1,10,2,3,5,4,1,3,0,1,3,0,0
,PORT- 65B,Intermed Portuguese,3,2,2,3,2,1,0,0,0,0,0,0,0
"Segale,Matthew John",CRWN- 80A,UD:Ethical Issues,0,2,5,7,3,1,1,1,0,0,0,0,0
"Selden,Daniel",LTIN- 102,Roman Poetry,0,17,1,0,0,0,0,0,0,0,4,1,0
"Seth,Vanita",POLI- 190P,Race:His of Concept,2,1,1,9,7,0,1,0,0,0,0,0,0
"Seymour,Travis L",PSYC- 1,Intro Psychology,8,27,26,30,59,47,20,43,24,11,1,1,1
,PSYC- 139D,Model Human Perform,0,2,2,1,1,1,0,6,0,1,0,0,2
,PSYC- 194B,Adv Cognitive Res,1,9,1,0,0,0,0,0,0,0,1,0,0
"Shaw,David Michael",KRSG- 65A,Pwr & Rep: Food,1,16,11,3,7,0,0,0,2,0,1,0,0
"Shennan,Carol",ENVS- 166,Agroecosys Analysis,4,8,16,9,5,1,0,0,0,0,2,0,0
"Shepherd,Robert J",ECON- 10A,Econ of Accounting,3,18,21,26,47,16,16,25,3,6,3,1,2
,ECON- 111A,Intermed Account I,14,56,42,20,25,8,7,9,2,5,0,0,0
"Shibata,Yoshihito",PHYE- 43A,Aikido,0,0,0,0,0,0,0,0,0,0,38,6,1
"Silva,Denise Louise",KRSG- 80A,UD:Power&Represnt,0,1,10,14,11,7,2,1,1,0,0,0,0
"Silver,Kiva Rafael",STEV- 80A,UD:Self & Society,0,4,7,3,5,0,1,1,2,0,0,0,0
,STEV- 80B,RI:Self & Society,0,11,10,15,7,1,2,2,3,0,0,0,0
"Silverglate,Janet Ann",PHYE- 30G,Fitness Conditioning,0,0,0,0,0,0,0,0,0,0,22,4,1
"Simonton,Kathleen Ruth",OAKS- 80A,UD:CommunicatingDiversity,1,15,17,9,4,1,0,0,0,1,1,0,1
"Singaram,Bakthan",CHEM- 143,Org Chem Structure,5,10,11,3,2,2,5,8,0,1,0,0,1
"Singh,Nirvikar",HUMN- 70S,Intro to the Sikhs,2,16,8,3,2,1,0,0,0,0,1,0,0
"Sloan,Lisa",EART- 9,Eart Hist/Globl Chg,8,44,28,27,30,17,3,19,1,3,14,1,2
"Smith,David M",PHYS- 5A,Intro Physics I,6,23,15,22,55,24,24,40,11,10,1,0,4
"Smith,Donald Robert",CHEM- 122,Instrumental Analys,1,2,2,2,3,6,1,3,0,0,0,0,0
"Smith,Donnae",STEV- 24,Cultural Intelligence,4,4,4,1,0,0,0,0,0,0,2,0,1
"Smith,Graeme H",ASTR- 70,Honors/AstrophysRes,0,0,7,2,0,0,0,0,0,0,1,0,0
"Smolowitz,Marc Gary",FILM- 171F,AutobiographicalFilm,0,3,7,6,3,0,0,1,0,1,0,0,0
"Snickars,Eric Stephen",LGST- 151,Politics of Law,0,2,2,3,3,3,4,2,2,1,0,0,0
,POLI- 151,Politics of Law,0,4,4,8,5,6,5,1,0,0,0,0,0
"Somers,Robin Elizabeth",CLEI- 80A,UD:Environ/Society,0,8,4,6,11,4,3,1,0,0,2,0,0
"Song,Soonho",PHYE- 43G,Tae Kwon Do(Karate),0,0,0,0,0,0,0,0,0,0,16,6,1
"Spearot,Alan C.",ECON- 113,Intro Econometrics,6,25,3,8,36,5,12,17,10,11,2,0,5
"Stamp,Shelley",FILM- 20A,Intro Film Studies,2,10,45,32,18,12,1,3,2,0,1,0,2
"Steinacker,Adriane",ASTR- 16,Astrobio/Life/Universe,6,4,3,6,2,4,7,0,0,3,2,0,1
,PHYS- 195A,Sr Thesis Research,4,16,9,16,6,4,0,6,0,1,2,0,0
"Steiner,Andrea",CMMU- 100M,Healthcare Inequal,2,7,2,4,2,1,0,0,1,1,0,0,0
"Stephens,Elizabeth",ART- 10H,3D Foundation,0,11,10,24,36,10,9,2,1,3,3,0,0
"Stone,Abraham D",PHIL- 190E,Maj Figures 19C Phil,0,7,5,6,0,0,0,0,0,0,0,0,1
"Stone,Victoria A",BIOL- 119,Microbiology,1,17,24,16,16,38,23,15,10,2,1,0,2
"Suazo,Matthew Eric",OAKS- 80A,UD:CommunicatingDiversity,0,6,5,6,6,0,1,0,0,0,0,0,0
"Sumarna,Undang",MUSC- 5A,Beg W Java Gamelan,0,26,0,0,0,0,0,0,0,0,2,0,0
,MUSC- 5B,Int W Java Gamelan,0,10,0,0,1,0,0,0,0,1,0,0,0
"Sweat,Stephen B",STEV- 80A,UD:Self & Society,5,11,5,6,4,6,0,2,0,1,0,0,0
"Szasz,Andrew",SOCY- 105A,Classical Soc Theor,13,66,44,18,50,8,13,13,0,4,7,0,0
"Tamanoi,Hirotaka",MATH- 124,Intro To Topology,5,4,0,0,2,2,0,0,0,0,0,1,0
"Tantalo,Patrick",CMPS- 10,Intro Computer Sci,14,53,40,41,54,18,26,20,5,9,12,1,1
,CMPS- 101,Abstract Data Types,8,20,8,8,12,10,11,7,4,4,0,0,2
"Tchamni,Avi",MUSC- 80I,Music Modern Israel,0,30,17,7,3,1,2,0,0,0,8,0,1
"Terhaar,Terry L",CLEI- 80A,UD:Environ/Society,0,4,2,7,5,1,0,0,0,0,1,0,0
,CLEI- 80B,RI:EnvironmntSociety,0,4,2,7,6,3,0,1,0,0,0,0,0
"Thomas,Megan C",LGST- 105C,Modern Pol Thought,0,0,2,2,5,2,2,5,1,0,2,0,0
,POLI- 105C,Modern Pol Thought,0,4,7,11,15,9,8,16,3,5,0,0,1
,POLI- 109,Orientalism,0,3,5,6,6,2,3,1,0,2,1,0,0
"Thompson,Bruce A",HIS- 70A,ModEurope1500-1789,3,21,21,27,20,5,3,3,1,0,7,0,1
,HIS- 196E,Modern Irish Histry,3,5,8,2,0,0,0,0,0,0,0,0,0
,LTMO- 144A,Jewish Ethnic/Urban,6,9,11,5,0,0,0,0,0,0,0,0,0
"Thorn,D David",CRWN- 80A,UD:Ethical Issues,0,2,1,2,5,4,3,2,0,0,0,0,0
"Thorpe,Todd Nathan",COWL- 80A,UD: Imagining Justice,0,3,9,5,3,1,0,1,0,0,1,0,0
,COWL- 80B,RI:Imagining Justice,0,9,1,4,6,1,0,1,0,0,0,0,0
"Todd,Judith Ann",WRIT- 2,Rhetoric & Inquiry,1,3,0,3,4,1,0,2,3,0,1,0,2
"Tonay,Veronica K",PSYC- 169,Commun Mental Health,3,11,14,17,46,6,1,6,0,1,4,0,4
,PSYC- 179D,Psych Interpretation,2,14,0,1,5,0,0,0,0,0,2,0,1
"Tucey,Cynthia B.",POLI- 125,PoliticalOrganizatns,0,4,2,9,11,5,7,9,1,0,1,0,0
"Tzankova,Zdravka",ENVS- 100,Ecology and Society,1,11,20,23,89,62,52,63,18,3,5,1,0
"Urban,Michael E",POLI- 140B,Compar Post-Communi,1,6,8,10,17,5,15,14,3,1,5,0,5
,POLI- 190A,State & Revolution,0,2,5,6,3,0,0,1,0,0,0,0,0
"Ursell,Michael Gregory",LTEL- 170C,Shakespeare,1,15,18,11,16,17,6,10,7,4,10,1,1
,LTPR- 134,Idea of Poetry,0,0,6,8,9,2,0,2,0,0,2,0,1
"V.,Natasha",PRTR- 80B,RI:WritingAcrossArts,0,4,0,4,9,2,3,1,0,0,0,0,1
"Varma,Anujan M",CMPE- 150,Intro Comp Networks,0,7,0,8,8,13,3,5,0,1,0,1,0
"Vazquez,Gustavo O",FILM- 176,Expermnt Video Wksp,0,4,1,2,15,0,0,0,0,0,0,0,0
"Vesecky,John F",EE- 101,Intro Elec Circuits,2,5,9,8,22,10,3,8,8,0,0,0,1
"Walsh,Judy",ECON- 197,Economic Rhetoric,1,21,2,1,0,0,0,0,0,0,1,0,0
"Wang,Ren",ECON- 133,Security Markets,10,8,7,15,14,6,5,9,3,0,6,0,0
"Wang,Ziwei",AMS- 7L,StatMthdsBioEnvHlthLab,0,137,0,0,6,0,0,3,0,0,0,0,0
"Warburton,Edward C",THEA- 30,Intr Modern Dance,3,20,6,2,3,4,1,2,0,0,0,0,2
,THEA- 128,Choreographic Wkshp,0,7,1,3,0,0,0,0,0,0,0,0,0
"Wardrip-Fruin,Noah",CMPS- 170,Game Design I,6,33,14,8,3,0,0,0,0,1,0,0,0
"Washburn,Jan Oliver",ENVS- 24,General Ecology,1,43,2,4,84,3,0,61,0,9,7,1,0
"Watkins,Zachary J",MUSC- 80C,Hist Electronic Mus,0,74,117,43,43,23,9,11,6,2,24,0,4
"Watrous,Susan Allen",CLEI- 80A,UD:Environ/Society,1,1,3,8,2,2,1,0,0,0,0,0,0
,KRSG- 199,Tutorial,0,3,0,0,2,0,0,0,0,0,10,1,0
"Weaver,Amy Lyn",STEV- 80A,UD:Self & Society,0,7,5,3,4,1,0,0,0,0,0,0,0
"Weissman,Martin",MATH- 110,Intro Number Theory,1,10,8,5,12,4,7,6,0,4,1,0,0
"Welch,Rhiannon Noel",LTIT- 165,Ital Lit & Culture,0,0,2,3,3,3,3,0,0,0,0,0,0
"Werner,Linda L",CMPS- 115,Software Methodol,2,6,13,7,1,0,0,0,0,0,0,0,0
"Weygandt,Clara Sophia",CLEI- 80A,UD:Environ/Society,4,13,5,4,10,5,2,0,0,0,0,0,0
"White,Aaronette M",PSYC- 1,Intro Psychology,8,27,26,30,59,47,20,43,24,11,1,1,1
,PSYC- 140B,African Amer Psyc,0,5,9,14,9,7,6,4,0,1,0,0,1
,PSYC- 159E,Peace Psychology,5,16,4,2,1,1,2,0,0,0,0,0,1
"Whitley-Putz,Lene A",CLTE- 80A,UD:Social Justice,1,7,9,10,11,8,5,6,0,1,1,0,0
"Willcutts,Timothy Savage",LTCR- 10,Intro Creative Writ,0,4,16,3,0,0,0,0,0,0,1,0,0
"Williams,Donald",STEV- 80H,Rainbow Theater,12,62,0,0,0,0,0,0,0,0,0,0,0
"Williams,Franklin Edward",KRSG- 12A,Service Learning,1,3,9,3,1,1,0,0,0,0,0,0,0
"Williams,Quentin",EART- 110A,Evolution Of Earth,2,4,5,3,12,10,8,22,1,5,1,0,1
"Williams,Terrie M",BIOE- 20B,Developmt & Physiol,14,35,36,16,28,26,13,7,4,1,0,0,0
"Wilson,James A",WRIT- 2,Rhetoric & Inquiry,0,3,4,1,5,3,2,2,1,0,2,1,1
"Wilson,Margaret L",PSYC- 20,Intr Cognitive Psyc,3,39,11,7,39,5,0,23,3,5,0,0,1
"Wilson,Robert J",LTEL- 155B,Regions Amer Lit,8,15,45,26,25,13,8,7,5,4,3,0,2
"Wilson,Ronaldo V.",LTCR- 183,Adv Writing-Poetry,0,11,4,1,1,0,0,0,0,0,0,0,0
,LTMO- 145C,Modern Fiction and Poetry,3,25,27,15,14,9,2,10,2,6,4,0,0
"Winther,Rasmus G",PHIL- 112,American Philosophy,1,2,7,5,7,1,0,0,0,3,0,0,0
"Wirls,Daniel J",LGST- 120A,Congress/Pres&Court,1,6,2,2,5,1,3,2,2,1,0,0,1
,POLI- 120A,Congress/Pres&Court,1,7,9,12,15,10,6,12,4,2,1,0,3
"Wittman,Donald A",ECON- 115,Intr Management Sci,5,10,6,3,7,3,5,3,0,0,0,1,3
"Wohlfeiler,Richard A",ART- 38,DigitalPrintmaking,1,6,7,3,2,0,0,0,0,1,1,0,0
"Wolf-Meyer,Matthew Joseph",ANTH- 134,Intro Medical Anthro,1,8,5,7,8,7,5,5,4,4,4,2,0
"Woolsey,Katie Jennifer",CLTE- 80A,UD:Social Justice,0,29,10,5,3,1,1,1,0,0,0,0,0
"Wu,Ting-Ting",CHIN- 4,Intermed Chinese,2,2,4,4,3,1,2,2,0,0,1,2,1
,CHIN- 103,Readings In Econ,2,2,4,3,3,2,3,1,0,0,1,0,0
"Wu,Yuefeng",AMS- 7,StatMthdsBio/Env/Hlth,9,70,47,60,25,27,0,29,10,0,2,0,0
"Yamamura,Timothy Jitsuo",KRSG- 80B,RI:Power&Representat,0,6,7,6,2,2,0,0,0,0,0,0,0
"Yamashita,Karen T",LTCR- 180,Adv Writing-Fiction,0,12,2,3,0,0,0,0,0,0,0,0,0
"Yee,Dena Marie",EDUC- 164,Urban Education,1,27,16,15,11,6,2,1,0,0,2,0,0
"Yonge,Christopher",CMPS- 25,3D Modeling,73,15,7,5,12,4,5,5,9,7,17,2,8
"Youmans,Gregory Martin",FILM- 134B,Amer Film:1960-Pres,0,11,23,42,65,39,14,20,1,2,0,0,0
,FILM- 160,Film Genres,0,5,6,12,13,11,5,4,2,0,1,1,0
"Young,Gary E",LTCR- 53,Inter Poetry Writing,0,15,3,1,0,0,0,0,0,0,1,0,0
"Zachos,James C",EART- 110A,Evolution Of Earth,2,4,5,3,12,10,8,22,1,5,1,0,1
"Zavaleta,Erika S",ENVS- 100,Ecology and Society,1,11,20,23,89,62,52,63,18,3,5,1,0
"Zavanelli,Mary Ida",BIOL- 115L,Eukaryotc Molec Lab,2,8,2,2,1,1,0,0,0,0,0,0,0
,BIOL- 187L,Molec Biotech Lab,6,8,4,2,2,5,0,1,0,0,0,0,0
"Zavella,Patricia J",LALS- 175,"Migratn, Gndr, Hlth",5,12,5,5,3,4,3,1,1,1,3,0,0
"Zihlman,Adrienne L",ANTH- 101,Human Evolution,0,6,4,3,4,1,1,3,14,5,4,5,4
